{"Name":"Dummy001","UUID":1000580451,"Active":true,"IsRoot":false,"NumChildren":27,"NumCompoments":1,"Components":[{"UUID":1032188385,"Type":0,"Position":[0,0,0],"Rotation":[0.7071068286895752,-0.7071068286895752,0,0],"Scale":[1,1,1]}],"Children":[{"Name":"City_building_004","UUID":1063169730},{"Name":"City_building_001","UUID":1184449512},{"Name":"City_building_007","UUID":1306982472},{"Name":"City_building_008","UUID":1439958582},{"Name":"Line002","UUID":1553649675},{"Name":"Plane001","UUID":1670612955},{"Name":"City_building_011","UUID":1796139618},{"Name":"City_building_013","UUID":1909412985},{"Name":"City_building_014","UUID":2033547228},{"Name":"City_building_022","UUID":2166175233},{"Name":"City_building_023","UUID":2308062831},{"Name":"City_building_024","UUID":2436304713},{"Name":"City_building_026","UUID":2572692252},{"Name":"City_building_028","UUID":2691604920},{"Name":"Object010","UUID":2809960620},{"Name":"City_building_030","UUID":2906385705},{"Name":"City_building_031","UUID":3010956447},{"Name":"City_building_032","UUID":3106337217},{"Name":"City_building_033","UUID":3211813032},{"Name":"City_building_034","UUID":3324459810},{"Name":"City_building_035","UUID":3442745889},{"Name":"City_building_036","UUID":3645064515},{"Name":"City_building_037","UUID":3778876077},{"Name":"City_building_038","UUID":3901200174},{"Name":"City_building_039","UUID":4008346893},{"Name":"City_building_040","UUID":4124405100},{"Name":"City_building_041","UUID":4249374795}]}